Month,Class A Hong Kong,Class A Hong Kong - Remarks,Class A Kowloon,Class A Kowloon - Remarks,Class A New Territories,Class A New Territories - Remarks,Class B Hong Kong,Class B Hong Kong - Remarks,Class B Kowloon,Class B Kowloon - Remarks,Class B New Territories,Class B New Territories - Remarks,Class C Hong Kong,Class C Hong Kong - Remarks,Class C Kowloon,Class C Kowloon - Remarks,Class C New Territories,Class C New Territories - Remarks,Class D Hong Kong,Class D Hong Kong - Remarks,Class D Kowloon,Class D Kowloon - Remarks,Class D New Territories,Class D New Territories - Remarks,Class E Hong Kong,Class E Hong Kong - Remarks,Class E Kowloon,Class E Kowloon - Remarks,Class E New Territories,Class E New Territories - Remarks
Jan-99,190,,171,,133,,199,,165,,118,,249,,187,,150,,284,,198,,185,,301,,185,,191,
Feb-99,196,,173,,133,,204,,165,,114,,239,,177,,144,,268,,196,Z,173,,311,,213,Z,152,
Mar-99,199,,170,,133,,197,,160,,117,,247,,177,,142,,262,,174,,186,,301,,194,Z,190,Z
Apr-99,191,,171,,135,,200,,156,,116,,256,,182,,134,,279,,172,,170,,313,,221,Z,172,
May-99,191,,175,,127,,188,,155,,113,,233,,175,,133,,279,,180,,180,,289,,168,Z,162,Z
Jun-99,193,,176,,129,,197,,153,,113,,253,,186,,146,,272,,210,,164,,306,,246,Z,171,
Jul-99,193,,177,,133,,200,,154,,116,,255,,181,,133,,273,,167,,162,,322,,142,Z,177,
Aug-99,198,,172,,132,,200,,155,,114,,251,,186,,139,,275,,196,,184,,308,,159,Z,160,
Sep-99,194,,176,,131,,203,,156,,115,,253,,177,,136,,271,,198,,170,,310,,153,Z,189,Z
Oct-99,194,,177,,135,,196,,159,,125,,257,,196,,145,,274,,191,Z,203,,294,,188,Z,198,Z
Nov-99,184,,176,,141,,189,,153,,119,,236,,196,,136,,264,,195,,156,,309,,199,Z,170,Z
Dec-99,183,,168,,137,,183,,158,,121,,251,,177,,146,,277,,158,Z,180,,319,,173,Z,169,
Jan-00,187,,166,,132,,188,,149,,116,,244,,166,,140,,264,,183,,171,,321,,180,Z,203,Z
Feb-00,185,,169,,134,,188,,150,,115,,242,,161,,137,,269,,219,Z,188,,302,,251,Z,166,Z
Mar-00,191,,172,,133,,192,,154,,118,,249,,180,,137,,277,,183,,178,,308,,182,Z,190,
Apr-00,194,,167,,128,,195,,146,,118,,258,,159,,147,,270,,175,,174,,296,,180,Z,176,Z
May-00,192,,167,,130,,200,,146,,115,,244,,177,,139,,281,,198,,170,,317,,192,Z,162,
Jun-00,193,,164,,126,,198,,145,,114,,248,,168,,143,,277,,176,,182,,299,,179,Z,150,
Jul-00,191,,164,,126,,193,,149,,114,,253,,174,,140,,278,,204,,188,,320,,203,Z,173,
Aug-00,186,,164,,125,,197,,145,,116,,248,,155,,142,,278,,195,,191,,326,,184,Z,168,
Sep-00,196,,160,,132,,205,,149,,118,,264,,181,,150,,287,,181,Z,180,,340,,197,Z,181,
Oct-00,193,,163,,132,,205,,149,,120,,250,,183,,150,,268,,175,Z,184,,330,,203,Z,163,
Nov-00,194,,168,,128,,197,,157,,120,,262,,161,,150,,280,,190,,203,,319,,182,Z,184,
Dec-00,193,,162,,131,,209,,155,,120,,266,,205,,145,,284,,247,,205,,309,,255,Z,178,Z
Jan-01,188,,161,,126,,196,,164,,120,,268,,224,,147,,287,,258,,186,,338,,251,Z,178,Z
Feb-01,195,,160,,127,,199,,152,,115,,259,,209,,162,,273,,303,,191,,324,,221,Z,187,
Mar-01,196,,158,,124,,194,,147,,115,,256,,190,,141,,285,,243,,182,,306,,249,Z,210,Z
Apr-01,191,,155,,123,,195,,147,,110,,253,,172,,136,,281,,242,,172,,317,,194,Z,188,
May-01,191,,157,,121,,188,,147,,113,,258,,190,,140,,288,,217,,193,,330,,200,Z,194,Z
Jun-01,187,,152,,119,,192,,138,,112,,254,,176,,140,,296,,238,,183,,327,,180,Z,153,
Jul-01,184,,150,,117,,192,,148,,110,,253,,177,,137,,303,,232,,173,,343,,206,Z,197,
Aug-01,182,,149,,121,,194,,142,,108,,256,,183,,140,,292,,223,,181,,336,,151,Z,187,
Sep-01,186,,153,,118,,194,,146,,113,,254,,187,,138,,279,,218,,157,,340,,185,Z,184,Z
Oct-01,185,,150,,119,,191,,144,,117,,249,,176,,147,,280,,211,,153,,329,,227,Z,220,Z
Nov-01,180,,146,,115,,183,,146,,110,,249,,164,,142,,251,,207,,176,,322,,152,Z,188,Z
Dec-01,175,,144,,115,,176,,136,,108,,238,,177,,135,,258,,183,Z,174,,317,,171,Z,151,Z
Jan-02,177,,147,,112,,180,,134,,107,,244,,166,,136,,274,,188,Z,178,,324,,157,Z,173,Z
Feb-02,176,,135,,106,,177,,136,,99,,236,,193,,139,,253,,190,,167,,301,,275,Z,187,
Mar-02,173,,137,,106,,170,,135,,104,,251,,172,,123,,260,,211,,164,,306,,184,Z,168,
Apr-02,167,,135,,106,,175,,135,,102,,242,,162,,119,,253,,195,,168,,322,,117,Z,175,
May-02,166,,134,,105,,169,,132,,101,,228,,182,,124,,248,,209,,157,,292,,154,Z,158,
Jun-02,169,,131,,107,,169,,135,,99,,230,,171,,116,,235,,222,,145,,307,,159,Z,140,
Jul-02,168,,138,,104,,166,,132,,97,,209,,172,,122,,240,,182,,147,,298,,180,Z,188,
Aug-02,162,,132,,105,,171,,131,,102,,220,,162,,123,,247,,203,,150,,323,,181,Z,174,
Sep-02,161,,135,,103,,164,,130,,99,,212,,153,,119,,235,,188,,149,,314,,175,Z,158,Z
Oct-02,154,,128,,104,,162,,127,,103,,213,,139,,119,,250,,196,Z,164,,296,,293,Z,167,Z
Nov-02,153,,129,,101,,160,,124,,102,,218,,151,,127,,246,,175,,132,,304,,165,Z,164,
Dec-02,152,,129,,104,,154,,124,,102,,194,,147,,110,,237,,161,Z,154,,270,,209,Z,164,Z
Jan-03,154,,122,,103,,156,,120,,98,,197,,165,,111,,233,,159,,146,,273,,197,Z,164,
Feb-03,153,,119,,100,,154,,123,,93,,194,,146,,115,,227,,161,Z,143,,274,,129,Z,159,Z
Mar-03,152,,121,,95,,152,,120,,90,,199,,170,,108,,222,,208,,144,,270,,199,Z,168,
Apr-03,146,,120,,95,,144,,117,,88,,185,,157,,110,,228,,184,,144,,254,,197,Z,137,
May-03,146,,125,,90,,146,,119,,85,,181,,167,,98,,222,,186,,128,,266,,188,Z,141,
Jun-03,150,,120,,92,,139,,112,,83,,189,,159,,97,,200,,193,,114,,272,,215,Z,114,
Jul-03,159,,120,,90,,144,,119,,84,,186,,159,,91,,209,,183,,132,,257,,171,Z,139,Z
Aug-03,159,,118,,87,,152,,123,,86,,199,,154,,103,,218,,159,,120,,253,,187,Z,155,
Sep-03,147,,125,,90,,143,,129,,87,,189,,149,,104,,206,,146,,125,,261,,208,Z,153,
Oct-03,147,,123,,95,,142,,125,,90,,192,,152,,95,,205,,152,,129,,247,,159,Z,148,
Nov-03,153,,133,,93,,142,,122,,92,,185,,153,,102,,211,,166,,123,,259,,120,Z,115,Z
Dec-03,164,,125,,97,,151,,121,,91,,197,,147,,107,,213,,163,,154,,254,,148,Z,156,Z
Jan-04,169,,123,,98,,166,,127,,97,,203,,151,,114,,223,,150,Z,128,,268,,191,Z,160,Z
Feb-04,167,,125,,103,,166,,123,,95,,200,,155,,117,,215,,151,Z,172,,244,,208,Z,140,Z
Mar-04,163,,125,,98,,160,,133,,91,,211,,147,,114,,220,,152,,140,,265,,121,Z,179,Z
Apr-04,168,,124,,99,,162,,136,,96,,225,,173,,113,,220,,162,,154,,274,,125,Z,182,Z
May-04,165,,127,,99,,167,,130,,93,,204,,155,,124,,244,,163,,170,,263,,145,Z,132,Z
Jun-04,166,,123,,98,,161,,131,,90,,207,,171,,107,,241,,165,,140,,267,,162,Z,144,Z
Jul-04,160,,126,,98,,162,,130,,93,,215,,165,,114,,236,,182,,143,,284,,174,Z,157,Z
Aug-04,181,,124,,99,,183,,137,,91,,216,,181,,113,,238,,225,,161,,287,,171,Z,161,
Sep-04,169,,124,,99,,176,,142,,97,,209,,188,,115,,240,,190,,147,,291,,121,Z,213,
Oct-04,164,,130,,102,,177,,134,,102,,218,,185,,118,,255,,206,,144,,292,,146,Z,154,Z
Nov-04,166,,128,,101,,167,,136,,97,,228,,180,,114,,232,,228,,148,,275,,184,Z,168,Z
Dec-04,167,,127,,101,,160,,139,,96,,226,,183,,105,,238,,212,,175,,285,,140,Z,151,Z
Jan-05,170,,125,,105,,167,,141,,99,,231,,186,,124,,250,,181,,213,,274,,219,Z,175,Z
Feb-05,170,,128,,102,,176,,144,,104,,230,,189,,136,,264,,204,Z,154,Z,296,,230,Z,153,Z
Mar-05,177,,139,,103,,176,,143,,101,,246,,183,,109,,254,,213,Z,150,,284,,205,Z,175,Z
Apr-05,171,,134,,102,,171,,140,,95,,233,,205,,131,,244,,168,,181,,293,,123,Z,121,Z
May-05,170,,136,,103,,168,,144,,94,,240,,177,,114,,253,,203,Z,154,,302,,235,Z,110,Z
Jun-05,176,,131,,106,,177,,137,,99,,239,,181,,117,,259,,179,,124,,322,,184,Z,181,Z
Jul-05,173,,132,,107,,182,,140,,99,,244,,185,,120,,272,,210,,157,,329,,198,Z,161,Z
Aug-05,200,,137,,104,,192,,139,,102,,242,,205,,116,,272,,205,,174,,336,,177,Z,214,
Sep-05,221,,142,,109,,212,,149,,107,,250,,195,,127,,271,,252,,150,,348,,177,Z,211,Z
Oct-05,197,,161,,111,,192,,156,,106,,267,,188,,120,,260,,203,Z,180,,329,,217,Z,198,Z
Nov-05,200,,172,,112,,188,,162,,105,,245,,221,,126,,271,,221,,150,,318,,192,Z,174,Z
Dec-05,199,,148,,112,,192,,155,,103,,236,,199,,130,,274,,213,,164,,367,,216,Z,216,Z
Jan-06,196,,139,,113,,189,,150,,106,,259,,184,,125,,285,,171,Z,186,,337,,204,Z,194,Z
Feb-06,193,,141,,111,,189,,152,,107,,245,,172,,112,,292,,168,Z,190,,334,,231,Z,217,Z
Mar-06,198,,145,,112,,185,,154,,106,,237,,204,,137,,289,,197,Z,172,Z,308,,177,Z,188,Z
Apr-06,206,,142,,113,,187,,146,,103,,248,,186,,131,,280,,183,,179,,355,,189,Z,210,Z
May-06,197,,141,,110,,184,,154,,104,,255,,194,,113,,294,,213,,157,,363,,249,Z,185,Z
Jun-06,195,,146,,110,,198,,158,,105,,243,,195,,111,,301,,234,,179,,353,,185,Z,162,Z
Jul-06,214,,149,,114,,205,,151,,107,,263,,203,,130,,300,,241,,173,,358,,155,Z,229,Z
Aug-06,238,,160,,112,,230,,153,,106,,274,,209,,132,,312,,229,,162,,366,,177,Z,158,Z
Sep-06,255,,164,,114,,238,,161,,107,,280,,202,,124,,318,,231,,170,,359,,217,Z,186,Z
Oct-06,211,,163,,116,,213,,152,,110,,243,,197,,126,,300,,238,,163,,381,,214,Z,190,Z
Nov-06,221,,193,,116,,211,,167,,110,,261,,194,,122,,291,,231,,158,,372,,160,Z,117,Z
Dec-06,210,,158,,117,,199,,162,,109,,260,,216,,120,,299,,234,,177,,347,,188,Z,183,Z
Jan-07,210,,155,,120,,213,,160,,106,,257,,208,,133,,329,,217,,176,,368,,185,Z,188,Z
Feb-07,220,,164,,118,,219,,161,,110,,282,,226,,130,,323,,256,Z,186,,360,,205,Z,216,Z
Mar-07,218,,156,,121,,219,,163,,112,,269,,211,,137,,316,,240,,187,,365,,138,Z,258,Z
Apr-07,218,,160,,123,,212,,156,,110,,270,,210,,132,,316,,248,,190,,376,,231,Z,279,Z
May-07,220,,164,,123,,213,,163,,109,,302,,192,,144,,321,,212,,183,,376,,207,Z,229,Z
Jun-07,235,,155,,120,,224,,161,,117,,277,,209,,141,,340,,189,Z,206,,386,,206,Z,199,Z
Jul-07,259,,158,,124,,244,,161,,119,,290,,209,,146,,334,,238,,216,,410,,199,Z,234,Z
Aug-07,294,,169,,127,,269,,165,,119,,299,,219,,152,,340,,251,,177,,416,,258,Z,224,
Sep-07,264,,188,,127,,248,,177,,120,,295,,220,,146,,329,,241,,182,,412,,301,Z,209,Z
Oct-07,244,,201,,131,,243,,195,,123,,300,,256,,158,,376,,269,,217,,438,,217,Z,234,Z
Nov-07,236,,182,,141,,252,,186,,132,,316,,246,,144,,346,,261,,189,,438,,280,Z,203,Z
Dec-07,248,,176,,144,,250,,185,,133,,304,,227,,151,,357,,238,,217,,416,,200,Z,267,Z
Jan-08,254,,176,,140,,275,,187,,133,,326,,243,,155,,384,,245,,229,,441,,225,Z,181,Z
Feb-08,241,,186,,143,,275,,203,,143,,332,,241,,177,,390,,276,,234,,467,,305,Z,261,Z
Mar-08,258,,196,,152,,278,,200,,143,,350,,277,,167,,396,,313,,240,,472,,255,Z,251,Z
Apr-08,261,,198,,146,,275,,193,,141,,341,,266,,182,,397,,249,,244,,438,,247,Z,256,Z
May-08,274,,193,,157,,280,,202,,153,,345,,292,,176,,388,,270,,242,,456,,204,Z,257,Z
Jun-08,266,,190,,152,,277,,200,,143,,353,,238,,176,,406,,300,,252,,482,,376,Z,284,Z
Jul-08,299,,208,,152,,292,,225,,144,,346,,291,,181,,427,,282,,277,,494,,412,Z,274,
Aug-08,340,,224,,147,,315,,234,,142,,361,,304,,193,,432,,338,,217,,514,,359,Z,343,Z
Sep-08,312,,235,,150,,283,,221,,142,,358,,295,,163,,403,,341,,259,,507,,244,Z,288,Z
Oct-08,278,,199,,146,,252,,204,,142,,324,,263,,175,,411,,310,,246,,500,,235,Z,229,Z
Nov-08,250,,179,,135,,228,,184,,132,,300,,217,,153,,374,,278,Z,195,,463,,265,Z,228,Z
Dec-08,235,,171,,130,,206,,173,,121,,266,,223,,137,,320,,244,,210,,395,,188,Z,195,Z
Jan-09,233,,169,,128,,206,,163,,120,,256,,217,,141,,323,,243,,158,,370,,302,Z,250,Z
Feb-09,231,,165,,129,,206,,164,,121,,261,,224,,136,,298,,222,,208,,373,,392,Z,227,Z
Mar-09,220,,173,,129,,198,,166,,117,,246,,217,,131,,294,,224,,158,,355,,200,Z,211,Z
Apr-09,218,,174,,128,,205,,163,,117,,243,,214,,129,,283,,218,,175,,356,,223,Z,159,
May-09,223,,170,,128,,211,,165,,120,,258,,214,,133,,290,,225,,176,,337,,-,,164,
Jun-09,211,,171,,132,,218,,161,,123,,257,,233,,133,,286,,224,,152,,349,,189,Z,218,
Jul-09,229,,189,,134,,235,,177,,123,,269,,214,,137,,309,,273,,186,,344,,190,Z,209,
Aug-09,246,,188,,137,,254,,179,,126,,291,,239,,148,,306,,285,,188,,381,,322,Z,245,
Sep-09,248,,200,,144,,246,,183,,134,,300,,258,,146,,309,,223,,189,,372,,204,Z,194,
Oct-09,269,,191,,144,,250,,189,,140,,292,,240,,162,,314,,247,,208,,368,,237,Z,205,Z
Nov-09,253,,184,,148,,250,,194,,138,,296,,257,,161,,333,,229,,202,,388,,268,Z,218,
Dec-09,246,,183,,151,,248,,194,,135,,299,,248,,153,,330,,232,,194,,367,,243,Z,213,
Jan-10,240,,185,,151,,245,,190,,134,,309,,221,,150,,326,,269,,199,,354,,233,Z,228,Z
Feb-10,243,,187,,151,,246,,205,,140,,310,,254,,169,,336,,249,,205,,382,,417,Z,316,Z
Mar-10,247,,195,,157,,252,,207,,144,,296,,262,,163,,322,,261,,205,,405,,273,Z,241,Z
Apr-10,254,,199,,159,,256,,207,,145,,322,,288,,169,,341,,262,,219,,405,,421,Z,226,Z
May-10,254,,207,,162,,268,,219,,150,,312,,298,,171,,354,,317,,236,,403,,234,Z,241,Z
Jun-10,277,,193,,162,,271,,219,,153,,317,,280,,178,,359,,323,,218,,421,,288,Z,207,
Jul-10,313,,214,,161,,290,,212,,155,,332,,293,,174,,388,,290,,224,,406,,201,Z,253,
Aug-10,319,,208,,173,,301,,222,,156,,341,,287,,187,,384,,304,,233,,418,,252,Z,225,
Sep-10,301,,210,,168,,286,,220,,160,,329,,291,,179,,371,,301,,246,,424,,251,Z,191,
Oct-10,306,,210,,178,,289,,229,,159,,341,,264,,181,,371,,265,,237,,415,,248,Z,219,Z
Nov-10,307,,216,,176,,284,,231,,159,,350,,292,,184,,374,,294,,208,,433,,314,Z,210,Z
Dec-10,288,,211,,177,,281,,235,,164,,347,,277,,178,,355,,276,,241,,439,,342,Z,293,Z
Jan-11,283,,211,,175,,279,,224,,156,,334,,280,,177,,376,,289,,241,,431,,277,Z,279,
Feb-11,291,,216,,175,,298,,242,,161,,345,,297,,176,,375,,296,,228,,435,,231,Z,314,Z
Mar-11,286,,228,,179,,282,,240,,166,,347,,286,,183,,402,,290,,223,,459,,306,Z,235,Z
Apr-11,301,,224,,175,,302,,242,,167,,348,,303,,177,,385,,286,,233,,451,,267,Z,185,
May-11,302,,228,,180,,297,,238,,161,,353,,287,,191,,415,,315,,238,,472,,272,Z,259,Z
Jun-11,336,,236,,186,,326,,235,,167,,353,,293,,201,,407,,323,,237,,487,,239,Z,241,
Jul-11,391,,262,,185,,349,,242,,169,,383,,308,,198,,404,,342,,257,,510,,342,Z,279,Z
Aug-11,382,,262,,192,,342,,246,,172,,384,,285,,198,,424,,267,,250,,483,,273,Z,277,
Sep-11,326,,252,,188,,321,,248,,174,,358,,285,,192,,411,,301,,267,,473,,339,Z,249,Z
Oct-11,328,,278,,187,,312,,247,,175,,356,,274,,193,,401,,297,,244,,494,,328,Z,248,Z
Nov-11,313,,238,,190,,308,,243,,173,,363,,273,,196,,384,,279,,231,,429,,323,Z,247,Z
Dec-11,304,,233,,188,,301,,232,,168,,349,,262,,195,,381,,292,,247,,445,,300,Z,245,
Jan-12,309,,225,,186,,298,,234,,175,,338,,257,,187,,396,,259,,254,,477,,278,Z,270,Z
Feb-12,327,,229,,189,,304,,223,,169,,346,,294,,193,,392,,261,Z,259,,446,,327,Z,270,Z
Mar-12,326,,232,,189,,296,,239,,170,,327,,275,,188,,380,,297,,257,,438,,277,Z,290,
Apr-12,321,,240,,192,,301,,231,,174,,350,,291,,185,,382,,307,,232,,459,,340,Z,316,
May-12,328,,242,,193,,300,,243,,175,,354,,287,,182,,399,,267,,254,,460,,293,Z,283,
Jun-12,343,,261,,188,,329,,235,,177,,367,,285,,185,,429,,231,Z,222,,494,,337,Z,251,Z
Jul-12,329,,236,,193,,298,,212,,184,,350,,245,,193,,381,,224,Z,252,Z,436,,241,Z,294,Z
Aug-12,326,,227,,198,,299,,224,,173,,372,,275,,202,,395,Z,338,Z,212,Z,459,,292,Z,339,Z
Sep-12,328,,242,,191,,315,,228,,174,,353,,280,Z,208,,363,,239,Z,293,Z,565,Z,246,Z,170,Z
Oct-12,343,,239,,217,,323,,233,,179,,342,Z,273,Z,212,,393,Z,263,Z,272,Z,467,Z,314,Z,256,Z
Nov-12,322,,241,,205,,325,,223,,194,,310,Z,315,Z,202,Z,391,Z,295,Z,256,Z,485,Z,293,Z,283,Z
Dec-12,333,,249,,223,,329,,239,,192,,363,Z,400,Z,223,Z,424,Z,229,Z,278,Z,543,Z,276,Z,311,Z
Jan-13,330,,255,,209,,315,,227,,187,,367,,216,Z,199,Z,440,Z,280,Z,247,Z,449,Z,260,Z,339,Z
Feb-13,345,,259,,204,,299,,283,,177,,334,Z,263,Z,233,Z,391,Z,338,Z,321,Z,521,Z,184,Z,-,
Mar-13,337,,255,,226,,325,,261,,186,,359,,295,Z,232,Z,376,Z,245,Z,201,Z,431,Z,-,,266,Z
Apr-13,334,,252,,209,,330,,221,,191,,358,Z,262,Z,232,,413,Z,319,Z,264,Z,422,Z,-,,268,Z
May-13,345,,237,,209,,326,,232,,165,,361,Z,228,Z,212,,397,Z,266,Z,187,Z,513,,251,Z,240,Z
Jun-13,344,,262,,214,,344,,242,,181,,352,,256,Z,227,Z,374,Z,255,Z,289,Z,538,Z,227,Z,233,Z
Jul-13,381,,311,,240,,345,,286,,203,,384,,329,,219,,412,,342,,228,,476,,382,Z,236,
Aug-13,390,,311,,254,,353,,280,,209,,397,,317,,230,,431,,302,,250,,473,,338,Z,292,
Sep-13,370,,290,,240,,353,,284,,208,,379,,299,,231,,425,,328,,256,,480,,296,Z,239,
Oct-13,383,,283,,238,,341,,274,,205,,391,,307,,231,,426,,307,,230,,487,,380,Z,246,Z
Nov-13,381,,293,,241,,356,,281,,210,,376,,310,,224,,416,,313,,247,,505,,488,Z,236,
Dec-13,374,,287,,239,,344,,285,,211,,386,,304,,215,,411,,293,,237,,450,,361,Z,267,
Jan-14,360,,288,,228,,335,,285,,212,,378,,310,,223,,428,,303,,261,,451,,199,Z,305,Z
Feb-14,377,,281,,244,,340,,283,,210,,384,,333,,217,,430,,319,,273,,460,,357,Z,189,Z
Mar-14,369,,278,,236,,321,,277,,207,,366,,284,,227,,380,,284,,238,,438,,313,Z,306,Z
Apr-14,368,,294,,236,,348,,287,,205,,402,,322,,213,,417,,307,,237,,448,,295,Z,212,Z
May-14,370,,295,,238,,343,,293,,206,,377,,321,,220,,394,,331,,259,,465,,396,Z,221,
Jun-14,384,,323,,243,,353,,296,,212,,368,,308,,226,,396,,314,,253,,490,,307,Z,241,
Jul-14,423,,324,,253,,371,,293,,215,,387,,327,,230,,422,,332,,271,,481,,371,Z,239,
Aug-14,437,,334,,269,,378,,308,,225,,412,,327,,227,,431,,336,,230,,495,,327,Z,244,
Sep-14,388,,321,,260,,367,,309,,225,,398,,329,,225,,409,,321,,238,,447,,372,Z,279,
Oct-14,400,,323,,266,,367,,318,,230,,395,,325,,236,,427,,311,,227,,467,,318,Z,245,Z
Nov-14,405,,312,,263,,371,,328,,231,,402,,326,,233,,394,,365,,253,,444,,320,Z,246,
Dec-14,401,,322,,271,,377,,318,,236,,402,,333,,238,,409,,328,,277,,478,,277,Z,259,
Jan-15,407,,313,,271,,368,,318,,234,,397,,349,,251,,443,,339,,266,,485,,363,Z,266,
Feb-15,407,,330,,262,,384,,325,,233,,407,,350,,244,,423,,338,,272,,447,,330,Z,256,Z
Mar-15,408,,326,,262,,383,,328,,241,,411,,351,,245,,429,,319,,260,,453,,318,Z,211,Z
Apr-15,414,,339,,270,,381,,317,,234,,415,,347,,236,,431,,316,,242,,486,,296,Z,258,Z
May-15,424,,351,,255,,394,,330,,236,,421,,372,,253,,429,,346,,249,,425,,345,Z,253,Z
Jun-15,446,,367,,266,,397,,322,,235,,419,,384,,249,,446,,366,,242,,467,,464,Z,233,
Jul-15,470,,361,,287,,396,,331,,240,,433,,373,,249,,432,,379,,253,,456,,349,Z,276,
Aug-15,450,,363,,286,,409,,334,,249,,437,,369,,261,,447,,363,,257,,480,,357,Z,261,
Sep-15,427,,342,,274,,396,,326,,240,,428,,355,,253,,443,,373,,269,,494,,320,Z,263,
Oct-15,438,,336,,269,,401,,325,,239,,428,,336,,246,,436,,326,,262,,450,,345,Z,243,
Nov-15,430,,327,,265,,391,,316,,235,,418,,329,,244,,454,,333,,249,,465,,299,Z,246,Z
Dec-15,433,,323,,263,,379,,303,,230,,412,,321,,247,,434,,316,,254,,454,,296,Z,248,Z
Jan-16,432,,314,,255,,365,,299,,224,,398,,339,,247,,422,,341,,261,,427,,341,Z,231,Z
Feb-16,407,,308,,249,,361,,288,,222,,412,,318,,230,,437,,337,,281,,435,,346,Z,246,Z
Mar-16,396,,303,,249,,353,,299,,218,,385,,327,,230,,418,,305,,261,,442,,322,Z,229,
Apr-16,385,,310,,241,,355,,286,,214,,390,,300,,231,,418,,298,,258,,417,,406,Z,208,Z
May-16,398,,310,,251,,364,,289,,219,,408,,313,,225,,411,,305,,236,,427,,310,Z,227,
Jun-16,419,,319,,262,,375,,295,,215,,385,,332,,223,,410,,343,,229,,436,,413,Z,214,
Jul-16,427,,355,,277,,383,,307,,227,,387,,336,,225,,417,,336,,235,,431,,371,Z,223,
Aug-16,429,,344,,282,,377,,309,,232,,402,,333,,232,,429,,340,,250,,441,,297,Z,260,
Sep-16,422,,334,,272,,377,,310,,227,,397,,333,,233,,422,,339,,239,,427,,430,Z,243,
Oct-16,422,,338,,278,,379,,314,,235,,396,,324,,244,,428,,321,,242,,431,,317,Z,254,Z
Nov-16,410,,340,,279,,378,,317,,243,,399,,344,,246,,426,,311,,246,,431,,300,Z,250,Z
Dec-16,405,,340,,285,,387,,311,,239,,383,,348,,245,,428,,318,,264,,443,,314,Z,233,Z
Jan-17,424,,331,,278,,386,,317,,242,,422,,346,,248,,440,,329,,244,,436,,331,Z,231,
Feb-17,434,,339,,281,,406,,314,,240,,427,,334,,248,,442,,340,,267,,455,,426,Z,251,Z
Mar-17,434,,338,,283,,393,,319,,241,,432,,343,,254,,444,,322,,242,,414,,351,Z,235,
Apr-17,427,,347,,287,,395,,312,,246,,422,,356,,251,,435,,355,,233,,440,,396,Z,224,
May-17,438,,335,,290,,397,,326,,247,,427,,358,,260,,446,,336,,250,,454,,325,Z,234,
Jun-17,454,,361,,294,,397,,322,,246,,426,,359,,260,,430,,349,,240,,431,,371,Z,259,
Jul-17,469,,358,,295,,400,,325,,252,,435,,365,,260,,436,,357,,259,,457,,369,Z,249,
Aug-17,460,,363,,307,,412,,337,,257,,427,,352,,265,,438,,364,,272,,466,,362,Z,243,
Sep-17,460,,357,,298,,401,,331,,251,,436,,361,,261,,454,,360,,257,,481,,441,Z,248,
Oct-17,460,,366,,306,,412,,330,,255,,423,,361,,260,,457,,340,,271,,492,,369,Z,222,
Nov-17,468,,365,,311,,412,,337,,258,,467,,357,,269,,439,,358,,262,,446,,392,Z,226,
Dec-17,465,,373,,305,,416,,347,,257,,458,,364,,263,,470,,361,,256,,437,,253,Z,240,
Jan-18,472,,390,,298,,427,,345,,256,,476,,365,,264,,444,,379,,269,,482,,367,Z,271,
Feb-18,477,,386,,305,,427,,354,,262,,468,,383,,260,,450,,382,,277,,447,,111,Z,261,Z
Mar-18,467,,383,,303,,416,,352,,260,,448,,364,,260,,452,,389,,257,,437,,-,,251,
Apr-18,467,,382,,304,,418,,337,,260,,460,,365,,266,,445,,342,,271,,467,,307,Z,226,Z
May-18,474,,378,,312,,420,,358,,265,,469,,372,,263,,458,,396,,265,,482,,466,Z,243,
Jun-18,481,,387,,322,,419,,345,,265,,456,,381,,266,,459,,384,,258,,474,,453,Z,212,
Jul-18,493,,392,,323,,431,,349,,272,,427,,369,,277,,443,,388,,264,,493,,365,Z,270,
Aug-18,494,,410,,328,,435,,366,,276,,443,,374,,285,,449,,382,,278,,486,,409,Z,250,
Sep-18,505,,390,,309,,435,,355,,272,,458,,385,,270,,465,,378,,264,,463,,315,Z,256,
Oct-18,505,,390,,318,,442,,364,,270,,468,,392,,275,,450,,390,,280,,469,,208,Z,254,
Nov-18,503,,394,,309,,433,,355,,273,,467,,383,,271,,458,,393,,275,,502,,404,Z,264,
Dec-18,493,,389,,306,,427,,356,,263,,436,,381,,260,,448,,381,,279,,466,,448,Z,255,
Jan-19,509,,368,,299,,422,,343,,262,,467,,378,,272,,461,,344,,273,,474,,408,Z,226,
Feb-19,501,,372,,307,,447,,346,,255,,452,,369,,270,,469,,354,,275,,523,,301,Z,275,Z
Mar-19,485,,381,,309,,432,,353,,262,,458,,368,,265,,489,,355,,278,,458,,440,Z,219,
Apr-19,499,,380,,307,,432,,334,,263,,441,,372,,267,,452,,381,,274,,460,,311,Z,230,Z
May-19,492,,380,,308,,431,,364,,266,,452,,378,,270,,464,,359,,268,,474,,303,Z,255,
Jun-19,524,,395,,314,,428,,357,,263,,459,,369,,271,,460,,407,,254,,462,,328,Z,265,
Jul-19,521,,405,,330,,440,,358,,277,,459,,365,,280,,477,,345,,271,,461,,369,Z,231,
Aug-19,533,,417,,335,,443,,364,,278,,454,,382,,279,,462,,369,,280,,490,,317,Z,261,
Sep-19,515,,393,,318,,436,,350,,265,,451,,367,,275,,461,,351,,265,,472,,479,Z,221,
Oct-19,491,,377,,310,,421,,341,,264,,426,,360,,262,,444,,352,,265,,470,,470,Z,241,Z
Nov-19,486,,395,,311,,418,,338,,259,,440,,357,,263,,416,,354,,248,,460,,375,Z,251,
Dec-19,468,,386,,311,,419,,340,,265,,436,,385,,264,,435,,376,,259,,417,,419,Z,255,Z
Jan-20,465,,380,,294,,414,,333,,260,,434,,358,,262,,439,,342,,262,,445,,403,Z,259,
Feb-20,458,,384,,301,,418,,333,,260,,437,,367,,262,,424,,367,,249,,431,,-,,260,Z
Mar-20,450,,367,,299,,396,,337,,246,,413,,340,,250,,425,,346,,236,,437,,294,Z,252,
Apr-20,436,,367,,285,,397,,326,,249,,396,,343,,245,,417,,340,,253,,423,,329,Z,247,
May-20,428,,361,,294,,387,,327,,252,,416,,355,,254,,400,,331,,254,,443,,291,Z,218,
Jun-20,456,,378,,298,,392,,337,,251,,412,,360,,251,,402,,338,,236,,417,,299,Z,226,
Jul-20,461,,377,,302,,393,,330,,252,,413,,345,,254,,424,,337,,254,,420,,333,Z,220,
Aug-20,446,,373,,304,,393,,333,,258,,397,,339,,258,,414,,348,,268,,406,,396,Z,229,
Sep-20,442,,370,,299,,388,,323,,251,,416,,345,,264,,428,,326,,241,,410,,292,Z,218,
Oct-20,443,,365,,305,,387,,328,,260,,400,,345,,259,,411,,332,,258,,416,,350,Z,226,
Nov-20,431,,368,,301,,391,,326,,257,,406,,336,,257,,412,,336,,252,,428,,346,Z,250,Z
Dec-20,427,,362,,303,,389,,327,,258,,383,,342,,261,,413,,349,,277,,436,,406,Z,220,
Jan-21,433,,360,,292,,379,,325,,252,,387,,346,,252,,413,,325,,272,,401,,397,Z,249,
Feb-21,442,,355,,293,,382,,324,,256,,402,,350,,258,,398,,329,,250,,396,,453,Z,246,
Mar-21,435,,367,,293,,385,,327,,254,,417,,348,,259,,405,,359,,253,,397,,283,Z,238,
Apr-21,430,,364,,300,,378,,322,,256,,397,,345,,258,,412,,334,,257,,452,,422,Z,207,
May-21,446,,378,,306,,398,,335,,257,,413,,359,,262,,420,,352,,264,,432,,391,Z,236,
Jun-21,440,,366,,300,,391,,329,,254,,415,,350,,264,,434,,357,,245,,431,,330,Z,252,
Jul-21,449,,371,,310,,392,,328,,258,,412,,337,,262,,418,,348,,265,,426,,346,Z,234,
Aug-21,449,,389,,319,,390,,345,,266,,411,,347,,268,,425,,346,,256,,416,,350,Z,229,
Sep-21,463,,397,,312,,398,,334,,261,,417,,357,,272,,412,,336,,262,,430,,384,Z,251,
Oct-21,460,,390,,311,,410,,331,,266,,409,,349,,271,,428,,364,,272,,432,,370,Z,243,
Nov-21,442,,382,,314,,407,,333,,268,,399,,347,,260,,428,,387,,250,,412,,466,Z,279,
Dec-21,445,,385,,318,,401,,335,,264,,408,,364,,261,,419,,350,,266,,421,,430,Z,256,
Jan-22,430,,380,,312,,393,,336,,263,,396,,348,,273,,437,,337,,268,,438,,352,Z,247,
Feb-22,454,,375,,304,,404,,331,,261,,407,,361,,259,,427,,328,,264,,441,,359,Z,247,Z
Mar-22,432,,378,,313,,384,,330,,255,,398,,349,,260,,422,,330,,248,,446,,381,Z,235,
Apr-22,427,,368,,300,,371,,317,,249,,391,,335,,254,,408,,344,,255,,429,,372,Z,216,
May-22,438,,370,,303,,382,,324,,252,,392,,349,,258,,412,,330,,252,,402,,281,Z,225,
Jun-22,442,,368,,299,,377,,320,,251,,387,,329,,260,,419,,344,,265,,425,,300,Z,217,
Jul-22,446,,373,,311,,385,,320,,258,,407,,340,,255,,421,,331,,247,,435,,342,Z,212,
Aug-22,453,,384,,320,,381,,330,,261,,404,,331,,258,,399,,334,,255,,413,,367,Z,234,
Sep-22,459,,382,,310,,386,,323,,255,,403,,337,,261,,409,,329,,256,,413,,326,Z,239,
Oct-22,455,,379,,306,,380,,315,,256,,392,,349,,255,,397,,316,,243,,426,,287,Z,226,
Nov-22,434,,380,,302,,376,,317,,250,,415,,326,,251,,415,,327,,243,,425,,386,Z,213,
Dec-22,439,,371,,300,,369,,323,,245,,400,,341,,251,,407,,318,,246,,434,,319,Z,212,Z
Jan-23,446,,377,,292,,369,,323,,245,,432,,332,,242,,419,,335,,249,,389,,344,Z,210,Z
Feb-23,441,,378,,301,,370,,321,,248,,407,,344,,243,,407,,345,,238,,402,,405,Z,218,
Mar-23,448,,378,,302,,374,,333,,250,,401,,343,,253,,409,,342,,247,,415,,476,Z,206,
Apr-23,445,,391,,312,,373,,329,,251,,416,,354,,250,,418,,324,,244,,423,,383,Z,221,
May-23,429,,385,,304,,374,,336,,254,,412,,349,,255,,426,,340,,242,,453,,361,Z,231,
Jun-23,436,,387,,309,,381,,338,,250,,411,,353,,254,,431,,377,,244,,428,,390,Z,233,
Jul-23,461,,392,,314,,376,,339,,258,,410,,345,,261,,437,,348,,260,,437,,416,Z,222,
Aug-23,462,,418,,333,,382,,348,,269,,409,,347,,260,,428,,371,,257,,432,,282,Z,240,
Sep-23,481,,402,,312,,390,,348,,260,,403,,354,,257,,424,,355,,244,,434,,605,Z,222,
Oct-23,468,,440,,315,,391,,346,,263,,423,,360,,271,,442,,364,,266,,471,,387,Z,237,
Nov-23,461,,413,,316,,390,,351,,261,,413,,356,,262,,433,,363,,248,,456,,381,Z,200,Z
Dec-23,472,,428,,325,,396,,345,,263,,429,,361,,265,,405,,371,,245,,468,,351,Z,219,
Jan-24,468,,398,,328,,393,,352,,264,,437,,363,,258,,454,,350,,244,,440,,415,Z,225,
Feb-24,457,,410,,315,,383,,348,,265,,435,,344,,259,,438,,344,,257,,447,,450,Z,253,
Mar-24,453,,406,,314,,382,,351,,267,,418,,366,,259,,405,,334,,257,,439,,345,Z,233,
Apr-24,469,,397,,317,,388,,344,,264,,420,,354,,267,,427,,346,,235,,446,,384,Z,223,
May-24,469,,423,,328,,388,,364,,275,,429,,376,,268,,431,,365,,261,,439,,381,Z,215,
Jun-24,497,,423,,323,,403,,362,,267,,418,,365,,259,,444,,377,,263,,454,,355,Z,204,
Jul-24,489,,425,,335,,402,,362,,269,,430,,372,,268,,442,,355,,259,,436,,397,Z,221,
Aug-24,494,,442,,347,,395,,380,,279,,416,,369,,281,,450,,362,,269,,457,,355,Z,206,
Sep-24,497,,470,,330,,405,,377,,272,,428,,389,,277,,440,,373,,244,,440,,304,Z,224,
Oct-24,485,,448,,323,,402,,364,,270,,441,,366,,281,,434,,365,,241,,436,,436,Z,246,
Nov-24,479,,444,,329,,407,,366,,275,,419,,384,,273,,425,,362,,242,,460,,335,Z,209,
Dec-24,475,,424,,331,,401,,368,,278,,419,,379,,280,,429,,369,,259,,442,,350,Z,202,
Jan-25,488,,419,,339,,397,,360,,278,,434,,356,,274,,437,,343,,242,,432,,448,Z,222,
Feb-25,477,,433,,336,,406,,359,,277,,427,,392,,279,,429,,371,,256,,490,,340,Z,239,
Mar-25,476,,427,,341,,397,,365,,276,,429,,362,,280,,431,,364,,257,,465,,382,Z,190,
Apr-25,469,,415,,337,,406,,363,,278,,434,,368,,281,,421,,353,,243,,451,,424,Z,207,
May-25,494,,433,,341,,403,,372,,276,,429,,379,,284,,435,,367,,225,,466,,287,Z,230,
Jun-25,499,,429,,337,,417,,366,,278,,443,,398,,271,,431,,379,,259,,454,,335,Z,217,
Jul-25,503,,432,,346,,408,,366,,282,,440,,404,,282,,451,,392,,249,,430,,309,Z,229,
Aug-25,516,,467,,368,,411,,384,,290,,421,,398,,283,,429,,374,,254,,445,,423,Z,242,
Sep-25,502,,467,,338,,415,,380,,282,,439,,402,,280,,466,,384,,232,,450,,540,Z,219,
Oct-25,490,,449,,337,,432,,377,,281,,435,,399,,278,,459,,359,,241,,480,,492,Z,225,
Nov-25,500,,448,,333,,439,,390,,280,,440,,396,,281,,443,,392,,239,,494,,423,Z,201,
Dec-25,512,P,441,P,343,P,418,P,376,P,286,P,457,P,404,P,274,P,452,P,447,P,236,P,466,P,-,P,179,PZ
Jan-26,518,P,446,P,347,P,427,P,381,P,279,P,490,P,395,P,283,P,479,P,411,P,251,P,469,P,305,PZ,234,PZ
Feb-26,539,P,456,P,349,P,424,P,393,P,278,P,497,P,396,P,288,P,497,P,411,PZ,248,P,490,P,479,PZ,230,PZ
